timestamp,simple-path,time
2021-06-01 17:03:59.9,/master/welcome,3983
2021-06-01 17:04:00.158,/master/welcome,232
2021-06-01 17:04:01.958,/master/sign-in,1676
2021-06-01 17:04:03.294,/master/welcome,607
2021-06-01 17:04:06.01,/master/welcome,217
2021-06-01 17:04:06.728,/master/welcome,601
2021-06-01 17:04:07.176,/master/welcome,259
2021-06-01 17:04:07.434,/master/welcome,173
2021-06-01 17:04:08.15,/master/sign-in,580
2021-06-01 17:04:09.432,/master/welcome,597
2021-06-01 17:04:10.243,/authenticated/user-account/update,592
2021-06-01 17:04:11.275,/master/welcome,594
2021-06-01 17:04:12.078,/authenticated/user-account/update,601
2021-06-01 17:04:12.515,/master/welcome,219
2021-06-01 17:04:13.221,/master/welcome,597
2021-06-01 17:04:13.519,/master/welcome,202
2021-06-01 17:04:13.741,/master/welcome,188
2021-06-01 17:04:14.478,/master/sign-in,619
2021-06-01 17:04:15.785,/master/welcome,603
2021-06-01 17:04:16.628,/authenticated/user-account/update,617
2021-06-01 17:04:17.69,/master/welcome,600
2021-06-01 17:04:18.479,/authenticated/user-account/update,600
2021-06-01 17:04:18.868,/master/welcome,176
2021-06-01 17:04:19.611,/master/welcome,593
2021-06-01 17:04:19.876,/master/welcome,183
2021-06-01 17:04:20.096,/master/welcome,189
2021-06-01 17:04:20.791,/master/sign-in,587
2021-06-01 17:04:22.069,/master/welcome,600
2021-06-01 17:04:22.91,/authenticated/user-account/update,600
2021-06-01 17:04:23.944,/master/welcome,588
2021-06-01 17:04:24.761,/authenticated/user-account/update,610
2021-06-01 17:04:25.189,/master/welcome,206
2021-06-01 17:04:25.892,/master/welcome,591
2021-06-01 17:04:26.16,/master/welcome,175
2021-06-01 17:04:26.36,/master/welcome,170
2021-06-01 17:04:27.066,/master/sign-in,594
2021-06-01 17:04:28.328,/master/welcome,591
2021-06-01 17:04:29.152,/authenticated/user-account/update,608
2021-06-01 17:04:30.298,/authenticated/user-account/update,600
2021-06-01 17:04:30.532,/master/welcome,172
2021-06-01 17:04:31.251,/master/welcome,616
2021-06-01 17:04:31.502,/master/welcome,173
2021-06-01 17:04:31.704,/master/welcome,171
2021-06-01 17:04:32.404,/master/sign-in,588
2021-06-01 17:04:33.695,/master/welcome,606
2021-06-01 17:04:34.522,/authenticated/user-account/update,595
2021-06-01 17:04:35.531,/authenticated/user-account/update,615
2021-06-01 17:04:35.774,/master/welcome,186
2021-06-01 17:04:36.476,/master/welcome,600
2021-06-01 17:04:36.727,/master/welcome,172
2021-06-01 17:04:36.929,/master/welcome,172
2021-06-01 17:04:37.631,/master/sign-in,595
2021-06-01 17:04:38.923,/master/welcome,598
2021-06-01 17:04:39.784,/authenticated/user-account/update,588
2021-06-01 17:04:40.806,/authenticated/user-account/update,596
2021-06-01 17:04:41.07,/master/welcome,200
2021-06-01 17:04:41.821,/master/welcome,613
2021-06-01 17:04:45.033,/master/welcome,365
2021-06-01 17:04:45.353,/master/welcome,293
2021-06-01 17:04:46.098,/master/sign-in,589
2021-06-01 17:04:47.356,/master/welcome,586
2021-06-01 17:04:49.507,/master/welcome,184
2021-06-01 17:04:50.222,/master/welcome,602
2021-06-01 17:04:50.51,/master/welcome,187
2021-06-01 17:04:50.699,/master/welcome,162
2021-06-01 17:04:51.413,/master/sign-in,597
2021-06-01 17:04:52.715,/master/welcome,602
2021-06-01 17:04:54.114,/Acme-Planner/manager/task/create,1145
2021-06-01 17:04:55.9,/master/welcome,593
2021-06-01 17:04:56.775,/Acme-Planner/manager/task/list,668
2021-06-01 17:05:00.265,/Acme-Planner/manager/task/show,603
2021-06-01 17:05:00.903,/master/welcome,194
2021-06-01 17:05:01.606,/master/welcome,595
2021-06-01 17:05:01.87,/master/welcome,186
2021-06-01 17:05:02.072,/master/welcome,170
2021-06-01 17:05:02.776,/master/sign-in,594
2021-06-01 17:05:04.075,/master/welcome,605
2021-06-01 17:05:04.892,/Acme-Planner/manager/task/create,597
2021-06-01 17:05:06.719,/master/welcome,597
2021-06-01 17:05:07.53,/Acme-Planner/manager/task/list,601
2021-06-01 17:05:11.003,/Acme-Planner/manager/task/show,605
2021-06-01 17:05:11.656,/master/welcome,184
2021-06-01 17:05:12.359,/master/welcome,589
2021-06-01 17:05:12.629,/master/welcome,169
2021-06-01 17:05:12.833,/master/welcome,174
2021-06-01 17:05:13.534,/master/sign-in,600
2021-06-01 17:05:14.821,/master/welcome,595
2021-06-01 17:05:15.638,/Acme-Planner/manager/task/create,598
2021-06-01 17:05:17.197,/master/welcome,600
2021-06-01 17:05:17.982,/Acme-Planner/manager/task/list,592
2021-06-01 17:05:21.452,/Acme-Planner/manager/task/show,603
2021-06-01 17:05:22.092,/master/welcome,173
2021-06-01 17:05:22.803,/master/welcome,601
2021-06-01 17:05:23.073,/master/welcome,171
2021-06-01 17:05:23.277,/master/welcome,173
2021-06-01 17:05:23.995,/master/sign-in,593
2021-06-01 17:05:25.279,/master/welcome,599
2021-06-01 17:05:25.698,/Acme-Planner/manager/task/update,342
2021-06-01 17:05:25.918,/master/welcome,174
2021-06-01 17:05:26.613,/master/welcome,583
2021-06-01 17:05:26.861,/master/welcome,172
2021-06-01 17:05:27.049,/master/welcome,158
2021-06-01 17:05:27.768,/master/sign-in,608
2021-06-01 17:05:29.114,/master/welcome,613
2021-06-01 17:05:29.962,/Acme-Planner/manager/task/create,597
2021-06-01 17:05:31.622,/Acme-Planner/manager/task/create,597
2021-06-01 17:05:31.838,/master/welcome,159
2021-06-01 17:05:32.579,/master/welcome,614
2021-06-01 17:05:32.865,/master/welcome,188
2021-06-01 17:05:33.071,/master/welcome,174
2021-06-01 17:05:33.811,/master/sign-in,600
2021-06-01 17:05:35.137,/master/welcome,596
2021-06-01 17:05:36.005,/Acme-Planner/manager/task/create,595
2021-06-01 17:05:37.612,/Acme-Planner/manager/task/create,603
2021-06-01 17:05:37.864,/master/welcome,182
2021-06-01 17:05:38.569,/master/welcome,599
2021-06-01 17:05:38.82,/master/welcome,170
2021-06-01 17:05:39.027,/master/welcome,176
2021-06-01 17:05:39.721,/master/sign-in,576
2021-06-01 17:05:40.986,/master/welcome,596
2021-06-01 17:05:41.801,/Acme-Planner/manager/task/create,601
2021-06-01 17:05:43.443,/Acme-Planner/manager/task/create,639
2021-06-01 17:05:43.881,/master/welcome,247
2021-06-01 17:05:44.638,/master/welcome,617
2021-06-01 17:05:44.917,/master/welcome,202
2021-06-01 17:05:45.12,/master/welcome,172
2021-06-01 17:05:45.85,/master/sign-in,615
2021-06-01 17:05:47.175,/master/welcome,609
2021-06-01 17:05:47.997,/Acme-Planner/manager/task/create,589
2021-06-01 17:05:49.333,/Acme-Planner/manager/task/create,612
2021-06-01 17:05:49.588,/master/welcome,183
2021-06-01 17:05:50.319,/master/welcome,614
2021-06-01 17:05:50.577,/master/welcome,158
2021-06-01 17:05:50.782,/master/welcome,174
2021-06-01 17:05:51.489,/master/sign-in,598
2021-06-01 17:05:52.794,/master/welcome,606
2021-06-01 17:05:53.666,/Acme-Planner/manager/task/create,597
2021-06-01 17:05:55.076,/Acme-Planner/manager/task/create,599
2021-06-01 17:05:55.299,/master/welcome,156
2021-06-01 17:05:56.022,/master/welcome,613
2021-06-01 17:05:59.067,/master/welcome,246
2021-06-01 17:05:59.313,/master/welcome,217
2021-06-01 17:06:00.077,/master/sign-in,602
2021-06-01 17:06:01.356,/master/welcome,584
2021-06-01 17:06:03.558,/master/welcome,212
2021-06-01 17:06:04.314,/master/welcome,602
2021-06-01 17:06:04.566,/master/welcome,172
2021-06-01 17:06:04.756,/master/welcome,161
2021-06-01 17:06:05.46,/master/sign-in,598
2021-06-01 17:06:06.764,/master/welcome,589
2021-06-01 17:06:07.607,/Acme-Planner/manager/task/list,633
2021-06-01 17:06:11.14,/Acme-Planner/manager/task/show,599
2021-06-01 17:06:11.768,/master/welcome,174
2021-06-01 17:06:12.479,/master/welcome,598
2021-06-01 17:06:12.766,/master/welcome,185
2021-06-01 17:06:12.954,/master/welcome,159
2021-06-01 17:06:13.663,/master/sign-in,597
2021-06-01 17:06:14.952,/master/welcome,594
2021-06-01 17:06:15.788,/Acme-Planner/manager/task/list,600
2021-06-01 17:06:19.379,/Acme-Planner/manager/task/show,596
2021-06-01 17:06:19.989,/master/welcome,156
2021-06-01 17:06:20.703,/master/welcome,600
2021-06-01 17:06:20.97,/master/welcome,181
2021-06-01 17:06:21.173,/master/welcome,172
2021-06-01 17:06:21.891,/master/sign-in,609
2021-06-01 17:06:23.18,/master/welcome,609
2021-06-01 17:06:23.997,/Acme-Planner/manager/task/list,603
2021-06-01 17:06:27.436,/Acme-Planner/manager/task/show,595
2021-06-01 17:06:28.058,/master/welcome,171
2021-06-01 17:06:28.783,/master/welcome,608
2021-06-01 17:06:29.045,/master/welcome,185
2021-06-01 17:06:29.232,/master/welcome,157
2021-06-01 17:06:29.953,/master/sign-in,616
2021-06-01 17:06:31.236,/master/welcome,590
2021-06-01 17:06:31.489,/Acme-Planner/manager/task/list,180
2021-06-01 17:06:31.689,/master/welcome,160
2021-06-01 17:06:32.414,/master/welcome,611
2021-06-01 17:06:32.669,/master/welcome,166
2021-06-01 17:06:32.889,/Acme-Planner/manager/task/list,189
2021-06-01 17:06:33.121,/master/welcome,169
2021-06-01 17:06:33.309,/master/welcome,158
2021-06-01 17:06:34.001,/master/sign-in,584
2021-06-01 17:06:35.302,/master/welcome,605
2021-06-01 17:06:36.154,/Acme-Planner/manager/task/list,607
2021-06-01 17:06:36.846,/master/welcome,173
2021-06-01 17:06:37.542,/master/welcome,584
2021-06-01 17:06:37.8,/master/welcome,168
2021-06-01 17:06:38.001,/master/welcome,170
2021-06-01 17:06:38.73,/master/sign-in,614
2021-06-01 17:06:39.999,/master/welcome,604
2021-06-01 17:06:40.822,/Acme-Planner/manager/task/list,589
2021-06-01 17:06:41.249,/master/welcome,157
2021-06-01 17:06:41.967,/master/welcome,602
2021-06-01 17:06:42.208,/master/welcome,155
2021-06-01 17:06:42.413,/master/welcome,175
2021-06-01 17:06:43.151,/master/sign-in,619
2021-06-01 17:06:44.442,/master/welcome,606
2021-06-01 17:06:45.295,/Acme-Planner/manager/task/list,600
2021-06-01 17:06:45.915,/master/welcome,158
2021-06-01 17:06:46.618,/master/welcome,593
2021-06-01 17:06:49.673,/master/welcome,241
2021-06-01 17:06:49.885,/master/welcome,170
2021-06-01 17:06:50.638,/master/sign-in,612
2021-06-01 17:06:51.94,/master/welcome,610
2021-06-01 17:06:54.103,/master/welcome,186
2021-06-01 17:06:54.819,/master/welcome,598
2021-06-01 17:06:55.088,/master/welcome,170
2021-06-01 17:06:55.274,/master/welcome,157
2021-06-01 17:06:55.991,/master/sign-in,603
2021-06-01 17:06:57.329,/master/welcome,611
2021-06-01 17:06:58.183,/Acme-Planner/manager/task/list,598
2021-06-01 17:07:01.719,/Acme-Planner/manager/task/show,623
2021-06-01 17:07:02.379,/Acme-Planner/manager/task/list,595
2021-06-01 17:07:03.153,/Acme-Planner/manager/task/list,594
2021-06-01 17:07:03.838,/master/welcome,172
2021-06-01 17:07:04.544,/master/welcome,603
2021-06-01 17:07:04.78,/master/welcome,157
2021-06-01 17:07:04.986,/master/welcome,177
2021-06-01 17:07:05.684,/master/sign-in,600
2021-06-01 17:07:06.967,/master/welcome,606
2021-06-01 17:07:07.232,/Acme-Planner/manager/task/delete,187
2021-06-01 17:07:07.435,/master/welcome,155
2021-06-01 17:07:08.15,/master/welcome,604
2021-06-01 17:07:08.403,/master/welcome,171
2021-06-01 17:07:08.592,/master/welcome,159
2021-06-01 17:07:09.296,/master/sign-in,596
2021-06-01 17:07:10.6,/master/welcome,597
2021-06-01 17:07:10.853,/Acme-Planner/manager/task/delete,170
2021-06-01 17:07:11.054,/master/welcome,155
2021-06-01 17:07:11.759,/master/welcome,600
2021-06-01 17:07:14.716,/master/welcome,226
2021-06-01 17:07:14.969,/master/welcome,206
2021-06-01 17:07:15.686,/master/sign-in,597
2021-06-01 17:07:16.969,/master/welcome,601
2021-06-01 17:07:18.624,/master/welcome,182
2021-06-01 17:07:19.327,/master/welcome,594
2021-06-01 17:07:19.561,/master/welcome,156
2021-06-01 17:07:19.748,/master/welcome,158
2021-06-01 17:07:20.472,/master/sign-in,607
2021-06-01 17:07:21.798,/master/welcome,606
2021-06-01 17:07:22.682,/Acme-Planner/manager/task/list,615
2021-06-01 17:07:26.109,/Acme-Planner/manager/task/show,591
2021-06-01 17:07:26.765,/master/welcome,174
2021-06-01 17:07:27.476,/master/welcome,599
2021-06-01 17:07:27.745,/master/welcome,167
2021-06-01 17:07:27.934,/master/welcome,158
2021-06-01 17:07:28.646,/master/sign-in,600
2021-06-01 17:07:29.936,/master/welcome,601
2021-06-01 17:07:30.796,/Acme-Planner/manager/task/list,601
2021-06-01 17:07:34.345,/Acme-Planner/manager/task/show,592
2021-06-01 17:07:34.97,/master/welcome,169
2021-06-01 17:07:35.699,/master/welcome,616
2021-06-01 17:07:35.997,/master/welcome,186
2021-06-01 17:07:36.192,/master/welcome,171
2021-06-01 17:07:36.91,/master/sign-in,604
2021-06-01 17:07:38.211,/master/welcome,591
2021-06-01 17:07:39.071,/Acme-Planner/manager/task/list,624
2021-06-01 17:07:42.571,/Acme-Planner/manager/task/show,595
2021-06-01 17:07:43.188,/master/welcome,173
2021-06-01 17:07:43.888,/master/welcome,597
2021-06-01 17:07:44.14,/master/welcome,168
2021-06-01 17:07:44.359,/Acme-Planner/manager/task/show,188
2021-06-01 17:07:44.575,/master/welcome,160
2021-06-01 17:07:44.776,/master/welcome,171
2021-06-01 17:07:45.482,/master/sign-in,594
2021-06-01 17:07:46.762,/master/welcome,595
2021-06-01 17:07:47.028,/Acme-Planner/manager/task/show,185
2021-06-01 17:08:47.315,/master/welcome,197
2021-06-01 17:08:48.031,/master/welcome,610
2021-06-01 17:08:50.948,/master/welcome,224
2021-06-01 17:08:51.165,/master/welcome,186
2021-06-01 17:08:51.89,/master/sign-in,616
2021-06-01 17:08:53.16,/master/welcome,590
2021-06-01 17:08:54.77,/master/welcome,186
2021-06-01 17:08:55.475,/master/welcome,600
2021-06-01 17:08:55.721,/master/welcome,171
2021-06-01 17:08:55.922,/master/welcome,172
2021-06-01 17:08:56.619,/master/sign-in,584
2021-06-01 17:08:57.924,/master/welcome,613
2021-06-01 17:08:58.237,/Acme-Planner/manager/task/update,226
2021-06-01 17:08:58.459,/master/welcome,173
2021-06-01 17:08:59.181,/master/welcome,597
2021-06-01 17:08:59.433,/master/welcome,160
2021-06-01 17:08:59.618,/master/welcome,158
2021-06-01 17:09:00.345,/master/sign-in,615
2021-06-01 17:09:01.655,/master/welcome,577
2021-06-01 17:09:02.47,/Acme-Planner/manager/task/list,593
2021-06-01 17:09:03.562,/Acme-Planner/manager/task/show,604
2021-06-01 17:09:04.717,/Acme-Planner/manager/task/list,583
2021-06-01 17:09:05.53,/Acme-Planner/manager/task/list,596
2021-06-01 17:09:09.107,/Acme-Planner/manager/task/show,588
2021-06-01 17:09:09.76,/master/welcome,169
2021-06-01 17:09:10.462,/master/welcome,591
2021-06-01 17:09:10.726,/master/welcome,187
2021-06-01 17:09:10.947,/master/welcome,183
2021-06-01 17:09:11.645,/master/sign-in,590
2021-06-01 17:09:12.929,/master/welcome,611
2021-06-01 17:09:13.767,/Acme-Planner/manager/task/list,588
2021-06-01 17:09:14.856,/Acme-Planner/manager/task/show,603
2021-06-01 17:09:16.035,/Acme-Planner/manager/task/list,596
2021-06-01 17:09:16.834,/Acme-Planner/manager/task/list,603
2021-06-01 17:09:20.405,/Acme-Planner/manager/task/show,597
2021-06-01 17:09:21.044,/master/welcome,186
2021-06-01 17:09:21.764,/master/welcome,613
2021-06-01 17:09:22.033,/master/welcome,188
2021-06-01 17:09:22.231,/master/welcome,169
2021-06-01 17:09:22.952,/master/sign-in,608
2021-06-01 17:09:24.249,/master/welcome,594
2021-06-01 17:09:25.106,/Acme-Planner/manager/task/list,599
2021-06-01 17:09:26.176,/Acme-Planner/manager/task/show,597
2021-06-01 17:09:27.354,/Acme-Planner/manager/task/list,598
2021-06-01 17:09:28.12,/Acme-Planner/manager/task/list,590
2021-06-01 17:09:31.601,/Acme-Planner/manager/task/show,592
2021-06-01 17:09:32.218,/master/welcome,159
2021-06-01 17:09:32.917,/master/welcome,604
2021-06-01 17:09:33.17,/master/welcome,172
2021-06-01 17:09:33.358,/master/welcome,157
2021-06-01 17:09:34.089,/master/sign-in,618
2021-06-01 17:09:35.397,/master/welcome,610
2021-06-01 17:09:36.216,/Acme-Planner/manager/task/list,595
2021-06-01 17:09:37.32,/Acme-Planner/manager/task/show,596
2021-06-01 17:09:38.849,/Acme-Planner/manager/task/update,601
2021-06-01 17:09:39.073,/master/welcome,156
2021-06-01 17:09:39.791,/master/welcome,604
2021-06-01 17:09:40.063,/master/welcome,184
2021-06-01 17:09:40.25,/master/welcome,158
2021-06-01 17:09:40.941,/master/sign-in,578
2021-06-01 17:09:42.249,/master/welcome,611
2021-06-01 17:09:43.083,/Acme-Planner/manager/task/list,598
2021-06-01 17:09:44.161,/Acme-Planner/manager/task/show,605
2021-06-01 17:09:45.75,/Acme-Planner/manager/task/update,605
2021-06-01 17:09:45.988,/master/welcome,166
2021-06-01 17:09:46.692,/master/welcome,600
2021-06-01 17:09:46.939,/master/welcome,169
2021-06-01 17:09:47.126,/master/welcome,156
2021-06-01 17:09:47.826,/master/sign-in,588
2021-06-01 17:09:49.175,/master/welcome,596
2021-06-01 17:09:50.008,/Acme-Planner/manager/task/list,596
2021-06-01 17:09:51.095,/Acme-Planner/manager/task/show,611
2021-06-01 17:09:52.608,/Acme-Planner/manager/task/update,593
2021-06-01 17:09:52.846,/master/welcome,172
2021-06-01 17:09:53.604,/master/welcome,601
2021-06-01 17:09:53.852,/master/welcome,175
2021-06-01 17:09:54.04,/master/welcome,156
2021-06-01 17:09:54.74,/master/sign-in,589
2021-06-01 17:09:56.057,/master/welcome,595
2021-06-01 17:09:56.869,/Acme-Planner/manager/task/list,604
2021-06-01 17:09:57.963,/Acme-Planner/manager/task/show,605
2021-06-01 17:09:59.298,/Acme-Planner/manager/task/update,610
2021-06-01 17:09:59.532,/master/welcome,172
2021-06-01 17:10:00.246,/master/welcome,602
2021-06-01 17:10:03.198,/master/welcome,223
2021-06-01 17:10:03.406,/master/welcome,169
2021-06-01 17:10:04.135,/master/sign-in,595
2021-06-01 17:10:05.39,/master/welcome,607
2021-06-01 17:10:07.538,/master/welcome,185
2021-06-01 17:10:08.272,/master/welcome,617
2021-06-01 17:10:08.544,/master/welcome,173
2021-06-01 17:10:09.307,/anonymous/shout/list,592
2021-06-01 17:10:10.272,/master/welcome,175
2021-06-01 17:10:11.088,/anonymous/shout/list,587
2021-06-01 17:10:12.073,/master/welcome,172
2021-06-01 17:10:12.845,/anonymous/shout/list,594
2021-06-01 17:10:13.789,/master/welcome,172
2021-06-01 17:10:14.597,/anonymous/shout/list,622
2021-06-01 17:10:15.573,/master/welcome,172
2021-06-01 17:10:16.37,/anonymous/shout/list,595
2021-06-01 17:10:17.374,/master/welcome,171
2021-06-01 17:10:18.149,/anonymous/shout/list,601
2021-06-01 17:10:19.113,/master/welcome,173
2021-06-01 17:10:19.878,/anonymous/shout/list,599
2021-06-01 17:10:20.848,/master/welcome,169
2021-06-01 17:10:21.051,/master/welcome,173
2021-06-01 17:10:21.779,/master/sign-in,613
2021-06-01 17:10:23.06,/master/welcome,593
2021-06-01 17:10:23.347,//anonymous/shout/list,215
2021-06-01 17:10:23.584,/master/welcome,189
2021-06-01 17:10:24.339,/master/welcome,616
2021-06-01 17:10:24.598,/master/welcome,161
2021-06-01 17:10:24.785,/master/welcome,154
2021-06-01 17:10:25.478,/master/sign-in,583
2021-06-01 17:10:26.789,/master/welcome,615
2021-06-01 17:10:27.076,//anonymous/shout/list,201
2021-06-01 17:10:27.297,/master/welcome,174
2021-06-01 17:10:27.994,/master/welcome,587
2021-06-01 17:10:28.293,/master/welcome,200
2021-06-01 17:10:29.095,/anonymous/shout/list,600
2021-06-01 17:10:29.586,/master/welcome,170
2021-06-01 17:10:30.37,/anonymous/shout/list,597
2021-06-01 17:10:30.807,/master/welcome,155
2021-06-01 17:10:31.575,/anonymous/shout/list,601
2021-06-01 17:10:32.081,/master/welcome,157
2021-06-01 17:10:32.865,/anonymous/shout/list,614
2021-06-01 17:10:33.308,/master/welcome,172
2021-06-01 17:10:34.077,/anonymous/shout/list,593
2021-06-01 17:10:34.561,/master/welcome,192
2021-06-01 17:10:35.366,/anonymous/shout/list,602
2021-06-01 17:10:35.832,/master/welcome,172
2021-06-01 17:10:36.589,/anonymous/shout/list,582
2021-06-01 17:10:40.343,/master/welcome,239
2021-06-01 17:10:40.54,/master/welcome,168
2021-06-01 17:10:41.251,/master/sign-in,600
2021-06-01 17:10:42.511,/master/welcome,604
2021-06-01 17:10:44.668,/master/welcome,183
2021-06-01 17:10:45.387,/master/welcome,594
2021-06-01 17:10:45.636,/master/welcome,170
2021-06-01 17:10:46.399,/anonymous/shout/create,591
2021-06-01 17:10:47.314,/master/welcome,600
2021-06-01 17:10:48.097,/anonymous/shout/list,590
2021-06-01 17:10:48.8,/master/welcome,172
2021-06-01 17:10:49.565,/anonymous/shout/create,594
2021-06-01 17:10:50.471,/master/welcome,595
2021-06-01 17:10:51.282,/anonymous/shout/list,616
2021-06-01 17:10:52.003,/master/welcome,174
2021-06-01 17:10:52.76,/anonymous/shout/create,589
2021-06-01 17:10:53.658,/master/welcome,596
2021-06-01 17:10:54.482,/anonymous/shout/list,611
2021-06-01 17:10:55.214,/master/welcome,172
2021-06-01 17:10:55.994,/anonymous/shout/create,613
2021-06-01 17:10:56.882,/master/welcome,590
2021-06-01 17:10:57.671,/anonymous/shout/list,599
2021-06-01 17:10:58.429,/master/welcome,172
2021-06-01 17:10:59.186,/anonymous/shout/create,588
2021-06-01 17:11:00.035,/anonymous/shout/create,584
2021-06-01 17:11:00.27,/master/welcome,157
2021-06-01 17:11:01.043,/anonymous/shout/create,600
2021-06-01 17:11:01.948,/anonymous/shout/create,597
2021-06-01 17:11:02.201,/master/welcome,170
2021-06-01 17:11:02.965,/anonymous/shout/create,587
2021-06-01 17:11:04.086,/anonymous/shout/create,594
2021-06-01 17:11:04.373,/master/welcome,190
2021-06-01 17:11:05.176,/anonymous/shout/create,603
2021-06-01 17:11:06.109,/anonymous/shout/create,595
2021-06-01 17:11:09.035,/master/welcome,240
2021-06-01 17:11:09.262,/master/welcome,169
2021-06-01 17:11:10.014,/master/sign-in,595
2021-06-01 17:11:11.289,/master/welcome,599
2021-06-01 17:11:13.455,/master/welcome,184
2021-06-01 17:11:14.184,/master/welcome,615
2021-06-01 17:11:14.454,/master/welcome,169
2021-06-01 17:11:15.222,/anonymous/task/list,595
2021-06-01 17:11:16.288,/anonymous/task/show,618
2021-06-01 17:11:16.561,/master/welcome,175
2021-06-01 17:11:17.342,/anonymous/task/list,594
2021-06-01 17:11:18.407,/anonymous/task/show,603
2021-06-01 17:11:18.686,/master/welcome,181
2021-06-01 17:11:19.478,/anonymous/task/list,595
2021-06-01 17:11:20.517,/anonymous/task/show,592
2021-06-01 17:11:20.778,/master/welcome,154
2021-06-01 17:11:21.539,/anonymous/task/list,593
2021-06-01 17:11:24.796,/anonymous/task/show,597
2021-06-01 17:11:25.572,/master/welcome,176
2021-06-01 17:11:26.37,/anonymous/task/list,598
2021-06-01 17:11:29.684,/anonymous/task/show,594
2021-06-01 17:11:30.389,/master/welcome,169
2021-06-01 17:11:31.151,/anonymous/task/list,590
2021-06-01 17:11:34.398,/anonymous/task/show,594
2021-06-01 17:11:35.079,/master/welcome,155
2021-06-01 17:11:35.866,/anonymous/task/list,599
2021-06-01 17:11:39.487,/master/welcome,208
2021-06-01 17:11:39.69,/master/welcome,169
2021-06-01 17:11:40.4,/master/sign-in,589
2021-06-01 17:11:41.722,/master/welcome,614
2021-06-01 17:11:43.319,/master/welcome,174
2021-06-01 17:11:44.023,/master/welcome,595
2021-06-01 17:11:44.293,/master/welcome,193
2021-06-01 17:11:44.488,/master/welcome,168
2021-06-01 17:11:45.213,/master/sign-in,612
2021-06-01 17:11:46.527,/master/welcome,597
2021-06-01 17:11:47.357,/administrator/threshold/show,600
2021-06-01 17:11:47.643,/master/welcome,188
2021-06-01 17:11:48.355,/master/welcome,598
2021-06-01 17:11:48.641,/master/welcome,184
2021-06-01 17:11:48.829,/master/welcome,158
2021-06-01 17:11:49.564,/master/sign-in,622
2021-06-01 17:11:50.922,/master/welcome,609
2021-06-01 17:11:51.186,//administrator/threshold/show,186
2021-06-01 17:11:51.402,/master/welcome,171
2021-06-01 17:11:52.12,/master/welcome,604
2021-06-01 17:11:55.152,/master/welcome,241
2021-06-01 17:11:55.366,/master/welcome,173
2021-06-01 17:11:56.113,/master/sign-in,611
2021-06-01 17:11:57.365,/master/welcome,589
2021-06-01 17:11:58.993,/master/welcome,204
2021-06-01 17:11:59.715,/master/welcome,597
2021-06-01 17:11:59.987,/master/welcome,172
2021-06-01 17:12:00.193,/master/welcome,178
2021-06-01 17:12:00.924,/master/sign-in,614
2021-06-01 17:12:02.224,/master/welcome,605
2021-06-01 17:12:03.078,/administrator/threshold/show,600
2021-06-01 17:12:03.877,/master/welcome,601
2021-06-01 17:12:04.653,/administrator/threshold/show,597
2021-06-01 17:12:04.919,/master/welcome,172
2021-06-01 17:12:05.62,/master/welcome,590
2021-06-01 17:12:05.87,/master/welcome,155
2021-06-01 17:12:06.057,/master/welcome,157
2021-06-01 17:12:06.766,/master/sign-in,594
2021-06-01 17:12:08.084,/master/welcome,611
2021-06-01 17:12:08.922,/administrator/threshold/show,594
2021-06-01 17:12:09.703,/administrator/threshold/update,592
2021-06-01 17:12:09.952,/master/welcome,185
2021-06-01 17:12:10.673,/master/welcome,608
2021-06-01 17:12:10.922,/master/welcome,168
2021-06-01 17:12:11.126,/master/welcome,177
2021-06-01 17:12:11.83,/master/sign-in,594
2021-06-01 17:12:13.112,/master/welcome,598
2021-06-01 17:12:13.936,/administrator/threshold/show,589
2021-06-01 17:12:14.712,/administrator/threshold/update,591
2021-06-01 17:12:15.023,/master/welcome,241
2021-06-01 17:12:15.745,/master/welcome,602
2021-06-01 17:12:16.011,/master/welcome,187
2021-06-01 17:12:16.216,/master/welcome,175
2021-06-01 17:12:16.92,/master/sign-in,595
2021-06-01 17:12:18.223,/master/welcome,598
2021-06-01 17:12:19.024,/administrator/threshold/show,590
2021-06-01 17:12:19.808,/administrator/threshold/update,597
2021-06-01 17:12:20.055,/master/welcome,187
2021-06-01 17:12:20.753,/master/welcome,587
2021-06-01 17:12:23.782,/master/welcome,237
2021-06-01 17:12:24.017,/master/welcome,195
2021-06-01 17:12:24.74,/master/sign-in,587
2021-06-01 17:12:26.008,/master/welcome,601
2021-06-01 17:12:27.644,/master/welcome,177
2021-06-01 17:12:28.374,/master/welcome,595
2021-06-01 17:12:28.607,/master/welcome,158
2021-06-01 17:12:28.81,/master/welcome,170
2021-06-01 17:12:29.517,/master/sign-in,594
2021-06-01 17:12:30.81,/master/welcome,605
2021-06-01 17:12:31.704,/administrator/spamword/list,594
2021-06-01 17:12:32.536,/administrator/spamword/show,598
2021-06-01 17:12:33.348,/administrator/spamword/list,601
2021-06-01 17:12:34.134,/administrator/spamword/list,593
2021-06-01 17:12:34.573,/master/welcome,174
2021-06-01 17:12:35.272,/master/welcome,590
2021-06-01 17:12:35.505,/master/welcome,154
2021-06-01 17:12:35.701,/master/welcome,156
2021-06-01 17:12:36.407,/master/sign-in,600
2021-06-01 17:12:37.74,/master/welcome,610
2021-06-01 17:12:38.56,/administrator/spamword/list,598
2021-06-01 17:12:39.401,/administrator/spamword/show,604
2021-06-01 17:12:40.2,/administrator/spamword/list,600
2021-06-01 17:12:40.968,/administrator/spamword/list,592
2021-06-01 17:12:41.46,/master/welcome,173
2021-06-01 17:12:42.174,/master/welcome,600
2021-06-01 17:12:42.432,/master/welcome,174
2021-06-01 17:12:42.62,/master/welcome,158
2021-06-01 17:12:43.329,/master/sign-in,597
2021-06-01 17:12:44.602,/master/welcome,603
2021-06-01 17:12:45.421,/administrator/spamword/list,596
2021-06-01 17:12:46.256,/administrator/spamword/show,601
2021-06-01 17:12:47.038,/administrator/spamword/list,596
2021-06-01 17:12:47.825,/administrator/spamword/list,594
2021-06-01 17:12:48.251,/master/welcome,175
2021-06-01 17:12:48.961,/master/welcome,600
2021-06-01 17:12:49.224,/master/welcome,173
2021-06-01 17:12:49.428,/master/welcome,172
2021-06-01 17:12:50.127,/master/sign-in,587
2021-06-01 17:12:51.423,/master/welcome,613
2021-06-01 17:12:52.276,/administrator/spamword/list,599
2021-06-01 17:12:53.135,/administrator/spamword/show,592
2021-06-01 17:12:53.942,/administrator/spamword/update,613
2021-06-01 17:12:54.181,/master/welcome,171
2021-06-01 17:12:54.872,/master/welcome,582
2021-06-01 17:12:57.803,/master/welcome,228
2021-06-01 17:12:58.024,/master/welcome,180
2021-06-01 17:12:58.742,/master/sign-in,601
2021-06-01 17:13:00.057,/master/welcome,607
2021-06-01 17:13:02.191,/master/welcome,172
2021-06-01 17:13:02.92,/master/welcome,615
2021-06-01 17:13:03.193,/master/welcome,167
2021-06-01 17:13:03.383,/master/welcome,159
2021-06-01 17:13:04.087,/master/sign-in,596
2021-06-01 17:13:05.359,/master/welcome,596
2021-06-01 17:13:05.669,//administrator/spamword/list,241
2021-06-01 17:13:05.887,/master/welcome,173
2021-06-01 17:13:06.602,/master/welcome,602
2021-06-01 17:13:06.862,/master/welcome,174
2021-06-01 17:13:07.048,/master/welcome,161
2021-06-01 17:13:07.787,/master/sign-in,616
2021-06-01 17:13:09.074,/master/welcome,599
2021-06-01 17:13:09.954,/administrator/spamword/list,584
2021-06-01 17:13:10.407,/master/welcome,173
2021-06-01 17:13:11.11,/master/welcome,594
2021-06-01 17:13:11.36,/master/welcome,169
2021-06-01 17:13:11.546,/master/welcome,155
2021-06-01 17:13:12.249,/master/sign-in,594
2021-06-01 17:13:13.579,/master/welcome,607
2021-06-01 17:13:14.391,/administrator/spamword/list,593
2021-06-01 17:13:14.846,/master/welcome,175
2021-06-01 17:13:15.561,/master/welcome,602
2021-06-01 17:13:15.835,/master/welcome,170
2021-06-01 17:13:16.023,/master/welcome,159
2021-06-01 17:13:16.72,/master/sign-in,586
2021-06-01 17:13:17.972,/master/welcome,595
2021-06-01 17:13:18.842,/administrator/spamword/list,598
2021-06-01 17:13:19.305,/master/welcome,176
2021-06-01 17:13:20.018,/master/welcome,603
2021-06-01 17:13:20.292,/master/welcome,187
2021-06-01 17:13:20.496,//administrator/spamword/list,174
2021-06-01 17:13:23.499,/master/welcome,225
2021-06-01 17:13:23.707,/master/welcome,174
2021-06-01 17:13:24.452,/master/sign-in,603
2021-06-01 17:13:25.722,/master/welcome,600
2021-06-01 17:13:27.893,/master/welcome,176
2021-06-01 17:13:28.602,/master/welcome,597
2021-06-01 17:13:28.872,/master/welcome,173
2021-06-01 17:13:29.076,/master/welcome,172
2021-06-01 17:13:29.802,/master/sign-in,617
2021-06-01 17:13:31.103,/master/welcome,608
2021-06-01 17:13:31.943,/authenticated/user-account/update,600
2021-06-01 17:13:32.99,/master/welcome,594
2021-06-01 17:13:33.774,/authenticated/user-account/update,603
2021-06-01 17:13:34.17,/master/welcome,171
2021-06-01 17:13:34.882,/master/welcome,601
2021-06-01 17:13:35.13,/master/welcome,177
2021-06-01 17:13:35.348,/master/welcome,182
2021-06-01 17:13:36.089,/master/sign-in,603
2021-06-01 17:13:37.359,/master/welcome,594
2021-06-01 17:13:38.181,/authenticated/user-account/update,599
2021-06-01 17:13:39.24,/master/welcome,594
2021-06-01 17:13:40.044,/authenticated/user-account/update,598
2021-06-01 17:13:40.452,/master/welcome,185
2021-06-01 17:13:41.165,/master/welcome,599
2021-06-01 17:13:41.405,/master/welcome,159
2021-06-01 17:13:41.596,/master/welcome,160
2021-06-01 17:13:42.326,/master/sign-in,610
2021-06-01 17:13:43.622,/master/welcome,607
2021-06-01 17:13:44.436,/authenticated/user-account/update,582
2021-06-01 17:13:45.492,/master/welcome,599
2021-06-01 17:13:46.266,/authenticated/user-account/update,594
2021-06-01 17:13:46.653,/master/welcome,169
2021-06-01 17:13:47.374,/master/welcome,608
2021-06-01 17:13:47.629,/master/welcome,171
2021-06-01 17:13:47.832,/master/welcome,170
2021-06-01 17:13:48.545,/master/sign-in,594
2021-06-01 17:13:49.836,/master/welcome,601
2021-06-01 17:13:50.683,/authenticated/user-account/update,599
2021-06-01 17:13:51.779,/authenticated/user-account/update,593
2021-06-01 17:13:52.009,/master/welcome,169
2021-06-01 17:13:52.724,/master/welcome,615
2021-06-01 17:13:52.971,/master/welcome,172
2021-06-01 17:13:53.173,/master/welcome,171
2021-06-01 17:13:53.866,/master/sign-in,585
2021-06-01 17:13:55.142,/master/welcome,589
2021-06-01 17:13:56.006,/authenticated/user-account/update,598
2021-06-01 17:13:57.008,/authenticated/user-account/update,593
2021-06-01 17:13:57.249,/master/welcome,177
2021-06-01 17:13:57.994,/master/welcome,616
2021-06-01 17:13:58.245,/master/welcome,168
2021-06-01 17:13:58.448,/master/welcome,168
2021-06-01 17:13:59.154,/master/sign-in,595
2021-06-01 17:14:00.443,/master/welcome,592
2021-06-01 17:14:01.287,/authenticated/user-account/update,592
2021-06-01 17:14:02.286,/authenticated/user-account/update,595
2021-06-01 17:14:02.527,/master/welcome,173
2021-06-01 17:14:03.239,/master/welcome,604
2021-06-01 17:14:06.174,/master/welcome,227
2021-06-01 17:14:06.383,/master/welcome,170
2021-06-01 17:14:07.142,/master/sign-in,609
2021-06-01 17:14:08.462,/master/welcome,611
2021-06-01 17:14:10.072,/master/welcome,178
2021-06-01 17:14:10.764,/master/welcome,589
2021-06-01 17:14:11.012,/master/welcome,174
2021-06-01 17:14:11.2,/master/welcome,158
2021-06-01 17:14:11.894,/master/sign-in,584
2021-06-01 17:14:13.196,/master/welcome,590
2021-06-01 17:14:14.09,/authenticated/user-account/update,608
2021-06-01 17:14:15.178,/master/welcome,599
2021-06-01 17:14:15.971,/authenticated/user-account/update,597
2021-06-01 17:14:16.341,/master/welcome,155
2021-06-01 17:14:17.074,/master/welcome,597
2021-06-01 17:14:17.308,/master/welcome,157
2021-06-01 17:14:17.495,/master/welcome,157
2021-06-01 17:14:18.185,/master/sign-in,581
2021-06-01 17:14:19.512,/master/welcome,614
2021-06-01 17:14:20.358,/authenticated/user-account/update,586
2021-06-01 17:14:21.413,/master/welcome,603
2021-06-01 17:14:22.227,/authenticated/user-account/update,595
2021-06-01 17:14:22.645,/master/welcome,171
2021-06-01 17:14:23.377,/master/welcome,617
2021-06-01 17:14:23.652,/master/welcome,170
2021-06-01 17:14:23.854,/master/welcome,169
2021-06-01 17:14:24.56,/master/sign-in,594
2021-06-01 17:14:25.846,/master/welcome,592
2021-06-01 17:14:26.676,/authenticated/user-account/update,593
2021-06-01 17:14:27.703,/master/welcome,598
2021-06-01 17:14:28.467,/authenticated/user-account/update,593
2021-06-01 17:14:28.875,/master/welcome,187
2021-06-01 17:14:29.579,/master/welcome,598
2021-06-01 17:14:29.817,/master/welcome,162
2021-06-01 17:14:30.042,/master/welcome,184
2021-06-01 17:14:30.786,/master/sign-in,610
2021-06-01 17:14:32.075,/master/welcome,605
2021-06-01 17:14:32.914,/authenticated/user-account/update,593
2021-06-01 17:14:34.028,/authenticated/user-account/update,597
2021-06-01 17:14:34.284,/master/welcome,183
2021-06-01 17:14:35.019,/master/welcome,599
2021-06-01 17:14:35.256,/master/welcome,168
2021-06-01 17:14:35.457,/master/welcome,170
2021-06-01 17:14:36.154,/master/sign-in,585
2021-06-01 17:14:37.456,/master/welcome,608
2021-06-01 17:14:38.281,/authenticated/user-account/update,592
2021-06-01 17:14:39.271,/authenticated/user-account/update,594
2021-06-01 17:14:39.502,/master/welcome,170
2021-06-01 17:14:40.231,/master/welcome,616
2021-06-01 17:14:40.519,/master/welcome,185
2021-06-01 17:14:40.721,/master/welcome,171
2021-06-01 17:14:41.436,/master/sign-in,602
2021-06-01 17:14:42.746,/master/welcome,607
2021-06-01 17:14:43.567,/authenticated/user-account/update,596
2021-06-01 17:14:44.566,/authenticated/user-account/update,594
2021-06-01 17:14:44.8,/master/welcome,171
2021-06-01 17:14:45.519,/master/welcome,614
2021-06-01 17:14:48.448,/master/welcome,228
2021-06-01 17:14:48.648,/master/welcome,172
2021-06-01 17:14:49.359,/master/sign-in,589
2021-06-01 17:14:50.634,/master/welcome,594
2021-06-01 17:14:52.24,/master/welcome,171
2021-06-01 17:14:52.957,/master/welcome,595
2021-06-01 17:14:53.192,/master/welcome,156
2021-06-01 17:14:53.379,/master/welcome,156
2021-06-01 17:14:54.1,/master/sign-in,610
2021-06-01 17:14:55.393,/master/welcome,607
2021-06-01 17:14:55.66,//authenticated/task/list-finished,189
2021-06-01 17:14:55.887,/master/welcome,180
2021-06-01 17:14:56.591,/master/welcome,602
2021-06-01 17:14:56.864,/master/welcome,172
2021-06-01 17:14:57.052,/master/welcome,158
2021-06-01 17:14:57.758,/master/sign-in,599
2021-06-01 17:14:59.071,/master/welcome,606
2021-06-01 17:14:59.9,/authenticated/task/list-finished,607
2021-06-01 17:15:03.254,/authenticated/task/show,600
2021-06-01 17:15:03.936,/master/welcome,170
2021-06-01 17:15:04.64,/master/welcome,594
2021-06-01 17:15:04.892,/master/welcome,174
2021-06-01 17:15:05.074,/master/welcome,152
2021-06-01 17:15:05.805,/master/sign-in,616
2021-06-01 17:15:07.122,/master/welcome,598
2021-06-01 17:15:07.956,/authenticated/task/list-finished,587
2021-06-01 17:15:11.258,/authenticated/task/show,607
2021-06-01 17:15:11.99,/master/welcome,185
2021-06-01 17:15:12.718,/master/welcome,615
2021-06-01 17:15:13.037,/master/welcome,205
2021-06-01 17:15:13.241,/master/welcome,172
2021-06-01 17:15:13.958,/master/sign-in,602
2021-06-01 17:15:15.287,/master/welcome,611
2021-06-01 17:15:16.139,/authenticated/task/list-finished,594
2021-06-01 17:15:19.435,/authenticated/task/show,611
2021-06-01 17:15:20.099,/master/welcome,156
2021-06-01 17:15:20.817,/master/welcome,613
2021-06-01 17:15:21.067,/master/welcome,171
2021-06-01 17:15:21.306,/master/welcome,207
2021-06-01 17:15:22.035,/master/sign-in,593
2021-06-01 17:15:23.309,/master/welcome,596
2021-06-01 17:15:24.124,/authenticated/task/list-finished,599
2021-06-01 17:15:25.1,/master/welcome,169
2021-06-01 17:15:25.817,/master/welcome,608
2021-06-01 17:15:26.052,/master/welcome,156
2021-06-01 17:15:26.262,//authenticated/task/list-finished,175
2021-06-01 17:15:26.47,/master/welcome,159
2021-06-01 17:15:26.688,/master/welcome,184
2021-06-01 17:15:27.396,/master/sign-in,594
2021-06-01 17:15:28.697,/master/welcome,610
2021-06-01 17:15:29.554,/authenticated/task/list-finished,614
2021-06-01 17:15:30.646,/authenticated/task/show,586
2021-06-01 17:15:30.903,/master/welcome,169
2021-06-01 17:15:31.606,/master/welcome,599
2021-06-01 17:15:31.858,/master/welcome,174
2021-06-01 17:15:32.056,/master/welcome,169
2021-06-01 17:15:32.762,/master/sign-in,595
2021-06-01 17:15:34.04,/master/welcome,593
2021-06-01 17:15:34.899,/authenticated/task/list-finished,601
2021-06-01 17:15:35.962,/authenticated/task/show,597
2021-06-01 17:15:36.208,/master/welcome,158
2021-06-01 17:15:36.908,/master/welcome,587
2021-06-01 17:15:37.193,/master/welcome,184
2021-06-01 17:15:37.415,/master/welcome,183
2021-06-01 17:15:38.129,/master/sign-in,617
2021-06-01 17:15:39.415,/master/welcome,609
2021-06-01 17:15:40.23,/authenticated/task/list-finished,595
2021-06-01 17:15:41.268,/authenticated/task/show,601
2021-06-01 17:15:41.538,/master/welcome,157
2021-06-01 17:15:42.243,/master/welcome,593
2021-06-01 17:15:45.185,/master/welcome,243
2021-06-01 17:15:45.394,/master/welcome,171
2021-06-01 17:15:46.109,/master/sign-in,597
2021-06-01 17:15:47.402,/master/welcome,611
2021-06-01 17:15:48.998,/master/welcome,168
2021-06-01 17:15:49.727,/master/welcome,616
2021-06-01 17:15:50.018,/master/welcome,184
2021-06-01 17:15:50.214,/master/welcome,171
2021-06-01 17:15:50.939,/master/sign-in,611
2021-06-01 17:15:52.224,/master/welcome,604
2021-06-01 17:15:52.489,/master/welcome,185
2021-06-01 17:15:53.196,/master/welcome,597
2021-06-01 17:15:53.461,/master/welcome,174
2021-06-01 17:15:53.646,/master/welcome,155
2021-06-01 17:15:54.346,/master/sign-in,587
2021-06-01 17:15:55.71,/master/welcome,601
2021-06-01 17:15:55.976,/master/welcome,182
2021-06-01 17:15:56.728,/master/welcome,641
2021-06-01 17:15:56.961,/master/welcome,164
2021-06-01 17:15:57.15,/master/welcome,161
2021-06-01 17:15:57.884,/master/sign-in,622
2021-06-01 17:15:59.198,/master/sign-in,602
2021-06-01 17:15:59.45,/master/welcome,180
2021-06-01 17:15:59.652,/master/welcome,171
2021-06-01 17:16:00.37,/master/sign-in,605
2021-06-01 17:16:01.663,/master/sign-in,595
2021-06-01 17:16:01.884,/master/welcome,156
2021-06-01 17:16:02.068,/master/welcome,157
2021-06-01 17:16:02.761,/master/sign-in,582
2021-06-01 17:16:04.012,/master/sign-in,607
2021-06-01 17:16:07.033,/master/welcome,231
2021-06-01 17:16:07.243,/master/welcome,175
2021-06-01 17:16:07.991,/master/sign-in,610
2021-06-01 17:16:09.334,/master/welcome,613
2021-06-01 17:16:10.946,/master/welcome,187
2021-06-01 17:16:11.648,/master/welcome,589
2021-06-01 17:16:11.923,/master/welcome,171
2021-06-01 17:16:12.137,/master/welcome,184
2021-06-01 17:16:12.865,/anonymous/user-account/create,613
2021-06-01 17:16:14.718,/master/welcome,596
2021-06-01 17:16:14.972,/master/welcome,164
2021-06-01 17:16:15.721,/master/sign-in,616
2021-06-01 17:16:17.022,/master/welcome,611
2021-06-01 17:16:17.253,/master/welcome,154
2021-06-01 17:16:17.969,/master/welcome,598
2021-06-01 17:16:18.253,/master/welcome,183
2021-06-01 17:16:18.489,/master/welcome,200
2021-06-01 17:16:19.202,/anonymous/user-account/create,599
2021-06-01 17:16:21.068,/master/welcome,598
2021-06-01 17:16:21.324,/master/welcome,184
2021-06-01 17:16:22.056,/master/sign-in,615
2021-06-01 17:16:23.316,/master/welcome,593
2021-06-01 17:16:23.56,/master/welcome,169
2021-06-01 17:16:24.274,/master/welcome,604
2021-06-01 17:16:24.547,/master/welcome,173
2021-06-01 17:16:24.765,/master/welcome,184
2021-06-01 17:16:25.472,/anonymous/user-account/create,597
2021-06-01 17:16:27.242,/master/welcome,599
2021-06-01 17:16:27.499,/master/welcome,165
2021-06-01 17:16:28.22,/master/sign-in,609
2021-06-01 17:16:29.512,/master/welcome,612
2021-06-01 17:16:29.77,/master/welcome,172
2021-06-01 17:16:30.501,/master/welcome,615
2021-06-01 17:16:30.788,/master/welcome,183
2021-06-01 17:16:30.978,/master/welcome,165
2021-06-01 17:16:31.68,/anonymous/user-account/create,587
2021-06-01 17:16:33.489,/master/welcome,612
2021-06-01 17:16:33.713,/master/welcome,157
2021-06-01 17:16:34.439,/master/sign-in,613
2021-06-01 17:16:35.707,/master/welcome,606
2021-06-01 17:16:35.956,/master/welcome,172
2021-06-01 17:16:36.667,/master/welcome,597
2021-06-01 17:16:36.919,/master/welcome,173
2021-06-01 17:16:37.117,/master/welcome,172
2021-06-01 17:16:37.826,/anonymous/user-account/create,594
2021-06-01 17:16:39.683,/master/welcome,586
2021-06-01 17:16:39.924,/master/welcome,187
2021-06-01 17:16:40.631,/master/sign-in,595
2021-06-01 17:16:41.915,/master/welcome,598
2021-06-01 17:16:42.168,/master/welcome,168
2021-06-01 17:16:42.928,/master/welcome,612
2021-06-01 17:16:43.201,/master/welcome,172
2021-06-01 17:16:43.387,/master/welcome,156
2021-06-01 17:16:44.091,/anonymous/user-account/create,595
2021-06-01 17:16:45.909,/master/welcome,604
2021-06-01 17:16:46.122,/master/welcome,154
2021-06-01 17:16:46.835,/master/sign-in,602
2021-06-01 17:16:48.078,/master/welcome,578
2021-06-01 17:16:48.329,/master/welcome,179
2021-06-01 17:16:49.035,/master/welcome,601
2021-06-01 17:16:49.283,/master/welcome,171
2021-06-01 17:16:49.484,/master/welcome,171
2021-06-01 17:16:50.193,/anonymous/user-account/create,592
2021-06-01 17:16:51.986,/master/welcome,611
2021-06-01 17:16:52.241,/master/welcome,183
2021-06-01 17:16:53.002,/master/sign-in,609
2021-06-01 17:16:54.284,/master/welcome,606
2021-06-01 17:16:54.518,/master/welcome,156
2021-06-01 17:16:55.232,/master/welcome,603
2021-06-01 17:16:55.504,/master/welcome,166
2021-06-01 17:16:55.691,/master/welcome,157
2021-06-01 17:16:56.398,/anonymous/user-account/create,602
2021-06-01 17:16:58.218,/master/welcome,609
2021-06-01 17:16:58.488,/master/welcome,186
2021-06-01 17:16:59.19,/master/sign-in,598
2021-06-01 17:17:00.489,/master/welcome,614
2021-06-01 17:17:00.737,/master/welcome,181
2021-06-01 17:17:01.423,/master/welcome,581
2021-06-01 17:17:01.685,/master/welcome,184
2021-06-01 17:17:01.875,/master/welcome,158
2021-06-01 17:17:02.588,/anonymous/user-account/create,602
2021-06-01 17:17:04.405,/master/welcome,609
2021-06-01 17:17:04.678,/master/welcome,182
2021-06-01 17:17:05.382,/master/sign-in,586
2021-06-01 17:17:06.662,/master/welcome,611
2021-06-01 17:17:06.895,/master/welcome,155
2021-06-01 17:17:07.626,/master/welcome,615
2021-06-01 17:17:07.92,/master/welcome,188
2021-06-01 17:17:08.114,/master/welcome,167
2021-06-01 17:17:08.854,/anonymous/user-account/create,599
2021-06-01 17:17:10.684,/master/welcome,614
2021-06-01 17:17:10.93,/master/welcome,186
2021-06-01 17:17:11.659,/master/sign-in,615
2021-06-01 17:17:12.958,/master/welcome,612
2021-06-01 17:17:13.215,/master/welcome,161
2021-06-01 17:17:13.984,/master/welcome,605
2021-06-01 17:17:14.219,/master/welcome,156
2021-06-01 17:17:14.419,/master/welcome,168
2021-06-01 17:17:15.13,/anonymous/user-account/create,599
2021-06-01 17:17:16.944,/master/welcome,610
2021-06-01 17:17:17.186,/master/welcome,169
2021-06-01 17:17:17.928,/master/sign-in,616
2021-06-01 17:17:19.231,/master/welcome,608
2021-06-01 17:17:19.473,/master/welcome,169
2021-06-01 17:17:20.186,/master/welcome,596
2021-06-01 17:17:20.428,/master/welcome,159
2021-06-01 17:17:20.614,/master/welcome,156
2021-06-01 17:17:21.315,/anonymous/user-account/create,594
2021-06-01 17:17:23.156,/master/welcome,628
2021-06-01 17:17:23.39,/master/welcome,165
2021-06-01 17:17:24.109,/master/sign-in,613
2021-06-01 17:17:25.42,/master/welcome,613
2021-06-01 17:17:25.645,/master/welcome,156
2021-06-01 17:17:26.371,/master/welcome,611
2021-06-01 17:17:26.615,/master/welcome,153
2021-06-01 17:17:26.8,/master/welcome,153
2021-06-01 17:17:27.494,/anonymous/user-account/create,582
2021-06-01 17:17:29.265,/anonymous/user-account/create,613
2021-06-01 17:17:29.515,/master/welcome,168
2021-06-01 17:17:29.731,/master/welcome,185
2021-06-01 17:17:30.438,/anonymous/user-account/create,596
2021-06-01 17:17:32.308,/anonymous/user-account/create,598
2021-06-01 17:17:32.563,/master/welcome,186
2021-06-01 17:17:32.754,/master/welcome,164
2021-06-01 17:17:33.478,/anonymous/user-account/create,601
2021-06-01 17:17:35.32,/anonymous/user-account/create,596
2021-06-01 17:17:35.606,/master/welcome,197
2021-06-01 17:17:35.82,/master/welcome,183
2021-06-01 17:17:36.537,/anonymous/user-account/create,600
2021-06-01 17:17:38.307,/anonymous/user-account/create,613
2021-06-01 17:17:38.565,/master/welcome,171
2021-06-01 17:17:38.754,/master/welcome,158
2021-06-01 17:17:39.454,/anonymous/user-account/create,590
2021-06-01 17:17:41.216,/anonymous/user-account/create,591
2021-06-01 17:17:41.465,/master/welcome,172
2021-06-01 17:17:41.652,/master/welcome,157
2021-06-01 17:17:42.371,/anonymous/user-account/create,610
2021-06-01 17:17:44.153,/anonymous/user-account/create,624
2021-06-01 17:17:44.406,/master/welcome,172
2021-06-01 17:17:44.592,/master/welcome,157
2021-06-01 17:17:45.296,/anonymous/user-account/create,597
2021-06-01 17:17:47.069,/anonymous/user-account/create,609
2021-06-01 17:17:47.327,/master/welcome,184
2021-06-01 17:17:47.529,/master/welcome,175
2021-06-01 17:17:48.236,/anonymous/user-account/create,599
2021-06-01 17:17:50.056,/anonymous/user-account/create,607
2021-06-01 17:17:50.306,/master/welcome,170
2021-06-01 17:17:50.494,/master/welcome,156
2021-06-01 17:17:51.2,/anonymous/user-account/create,595
2021-06-01 17:17:52.978,/anonymous/user-account/create,577
2021-06-01 17:17:53.212,/master/welcome,157
2021-06-01 17:17:53.398,/master/welcome,155
2021-06-01 17:17:54.1,/anonymous/user-account/create,595
2021-06-01 17:17:55.882,/anonymous/user-account/create,598
2021-06-01 17:17:56.12,/master/welcome,168
2021-06-01 17:17:56.308,/master/welcome,159
2021-06-01 17:17:57.058,/anonymous/user-account/create,595
2021-06-01 17:17:58.823,/anonymous/user-account/create,606
2021-06-01 17:17:59.091,/master/welcome,187
2021-06-01 17:17:59.288,/master/welcome,171
2021-06-01 17:17:59.992,/anonymous/user-account/create,594
2021-06-01 17:18:01.748,/anonymous/user-account/create,578
2021-06-01 17:18:04.701,/master/welcome,223
2021-06-01 17:18:04.904,/master/welcome,172
2021-06-01 17:18:05.663,/master/sign-in,604
2021-06-01 17:18:06.944,/master/welcome,590
2021-06-01 17:18:08.54,/master/welcome,173
2021-06-01 17:18:09.246,/master/welcome,594
2021-06-01 17:18:09.48,/master/welcome,158
2021-06-01 17:18:10.134,/master/welcome,594
2021-06-01 17:18:10.831,/master/welcome,616
2021-06-01 17:18:13.767,/master/welcome,240
2021-06-01 17:18:13.966,/master/welcome,170
2021-06-01 17:18:14.683,/master/sign-in,605
2021-06-01 17:18:15.967,/master/welcome,608
2021-06-01 17:18:17.629,/master/welcome,233
2021-06-01 17:18:18.32,/master/welcome,583
2021-06-01 17:18:18.57,/master/welcome,171
2021-06-01 17:18:18.803,//administrator/dashboard/show,204
2021-06-01 17:18:19.071,/master/welcome,206
2021-06-01 17:18:19.295,/master/welcome,187
2021-06-01 17:18:19.993,/master/sign-in,599
2021-06-01 17:18:21.267,/master/welcome,590
2021-06-01 17:18:22.105,/administrator/dashboard/show,600
2021-06-01 17:18:22.423,/master/welcome,190
2021-06-01 17:18:23.149,/master/welcome,610
2021-06-01 17:18:23.421,/master/welcome,171
2021-06-01 17:18:23.624,/master/welcome,171
2021-06-01 17:18:24.337,/master/sign-in,601
2021-06-01 17:18:25.679,/master/welcome,610
2021-06-01 17:18:26.53,/administrator/dashboard/show,599
2021-06-01 17:18:26.817,/master/welcome,187
2021-06-01 17:18:27.523,/master/welcome,602
2021-06-01 17:18:27.773,/master/welcome,170
2021-06-01 17:18:27.959,/master/welcome,155
2021-06-01 17:18:28.683,/master/sign-in,614
2021-06-01 17:18:30.012,/master/welcome,638
2021-06-01 17:18:30.85,/administrator/dashboard/show,603
2021-06-01 17:18:31.115,/master/welcome,173
2021-06-01 17:18:31.83,/master/welcome,609
2021-06-01 17:18:32.079,/master/welcome,172
2021-06-01 17:18:32.265,/master/welcome,155
2021-06-01 17:18:32.992,/master/sign-in,611
2021-06-01 17:18:34.344,/master/welcome,638
2021-06-01 17:18:35.196,/administrator/dashboard/show,599
2021-06-01 17:18:35.542,/master/welcome,248
2021-06-01 17:18:36.232,/master/welcome,585
2021-06-01 17:18:36.508,/master/welcome,200
2021-06-01 17:18:36.711,/master/welcome,172
2021-06-01 17:18:37.444,/master/sign-in,593
2021-06-01 17:18:38.744,/master/welcome,595
2021-06-01 17:18:39.579,/administrator/dashboard/show,593
2021-06-01 17:18:39.852,/master/welcome,186
2021-06-01 17:18:40.568,/master/welcome,602
2021-06-01 17:18:40.856,/master/welcome,181
2021-06-01 17:18:41.043,/master/welcome,157
2021-06-01 17:18:41.758,/master/sign-in,601
2021-06-01 17:18:43.071,/master/welcome,595
2021-06-01 17:18:43.897,/administrator/dashboard/show,599
2021-06-01 17:18:44.181,/master/welcome,187
2021-06-01 17:18:44.884,/master/welcome,593
2021-06-01 17:18:45.122,/master/welcome,155
2021-06-01 17:18:45.336,/master/welcome,184
2021-06-01 17:18:46.04,/master/sign-in,594
2021-06-01 17:18:47.37,/master/welcome,600
2021-06-01 17:18:48.201,/administrator/dashboard/show,598
2021-06-01 17:18:48.495,/master/welcome,200
2021-06-01 17:18:49.199,/master/welcome,599
2021-06-01 17:18:49.478,/master/welcome,203
2021-06-01 17:18:49.666,/master/welcome,157
2021-06-01 17:18:50.389,/master/sign-in,613
2021-06-01 17:18:51.706,/master/welcome,604
2021-06-01 17:18:52.533,/administrator/dashboard/show,591
2021-06-01 17:18:52.797,/master/welcome,173
2021-06-01 17:18:53.498,/master/welcome,586
2021-06-01 17:18:53.722,/master/welcome,157
2021-06-01 17:18:53.92,/master/welcome,170
2021-06-01 17:18:54.637,/master/sign-in,596
2021-06-01 17:18:55.951,/master/welcome,610
2021-06-01 17:18:56.808,/administrator/dashboard/show,601
2021-06-01 17:18:57.097,/master/welcome,170
2021-06-01 17:18:57.827,/master/welcome,617
2021-06-01 17:18:58.114,/master/welcome,183
2021-06-01 17:18:58.301,/master/welcome,157
2021-06-01 17:18:59.034,/master/sign-in,619
2021-06-01 17:19:00.347,/master/welcome,602
2021-06-01 17:19:01.175,/administrator/dashboard/show,600
2021-06-01 17:19:01.431,/master/welcome,174
2021-06-01 17:19:02.137,/master/welcome,601
2021-06-01 17:19:02.389,/master/welcome,172
2021-06-01 17:19:02.584,/master/welcome,161
2021-06-01 17:19:03.288,/master/sign-in,604
2021-06-01 17:19:04.584,/master/welcome,602
2021-06-01 17:19:05.428,/administrator/dashboard/show,586
2021-06-01 17:19:05.766,/master/welcome,220
2021-06-01 17:19:06.479,/master/welcome,599
2021-06-01 17:19:06.768,/master/welcome,172
2021-06-01 17:19:06.992,/master/welcome,190
2021-06-01 17:19:07.682,/master/sign-in,584
2021-06-01 17:19:08.984,/master/welcome,597
2021-06-01 17:19:09.83,/administrator/dashboard/show,597
2021-06-01 17:19:10.098,/master/welcome,170
2021-06-01 17:19:10.813,/master/welcome,606
2021-06-01 17:19:11.064,/master/welcome,171
2021-06-01 17:19:11.253,/master/welcome,157
2021-06-01 17:19:11.951,/master/sign-in,592
2021-06-01 17:19:13.258,/master/welcome,597
2021-06-01 17:19:14.087,/administrator/dashboard/show,596
2021-06-01 17:19:14.392,/master/welcome,188
2021-06-01 17:19:15.094,/master/welcome,599
2021-06-01 17:19:15.345,/master/welcome,173
2021-06-01 17:19:15.531,/master/welcome,154
2021-06-01 17:19:16.264,/master/sign-in,598
2021-06-01 17:19:17.587,/master/welcome,611
2021-06-01 17:19:18.432,/administrator/dashboard/show,593
2021-06-01 17:19:18.715,/master/welcome,187
2021-06-01 17:19:19.436,/master/welcome,616
2021-06-01 17:19:19.683,/master/welcome,174
2021-06-01 17:19:19.909,/master/welcome,190
2021-06-01 17:19:20.648,/master/sign-in,605
2021-06-01 17:19:21.951,/master/welcome,583
2021-06-01 17:19:22.799,/administrator/dashboard/show,599
2021-06-01 17:19:23.082,/master/welcome,185
2021-06-01 17:19:23.797,/master/welcome,601
2021-06-01 17:19:24.038,/master/welcome,158
2021-06-01 17:19:24.231,/master/welcome,160
2021-06-01 17:19:24.918,/master/sign-in,580
2021-06-01 17:19:26.218,/master/welcome,607
2021-06-01 17:19:27.018,/administrator/dashboard/show,589
2021-06-01 17:19:27.286,/master/welcome,180
2021-06-01 17:19:27.997,/master/welcome,598
2021-06-01 17:19:30.931,/master/welcome,224
2021-06-01 17:19:31.139,/master/welcome,178
2021-06-01 17:19:31.899,/master/sign-in,612
2021-06-01 17:19:33.165,/master/welcome,599
2021-06-01 17:19:34.789,/master/welcome,180
2021-06-01 17:19:35.533,/master/welcome,593
2021-06-01 17:19:35.779,/master/welcome,166
2021-06-01 17:19:35.965,/master/welcome,154
2021-06-01 17:19:36.674,/master/sign-in,597
2021-06-01 17:19:37.963,/master/welcome,597
2021-06-01 17:19:38.851,/authenticated/manager/create,601
2021-06-01 17:19:39.515,/master/welcome,609
2021-06-01 17:19:39.72,/master/welcome,173
2021-06-01 17:19:40.442,/master/welcome,580
